fonte;recurso;arquivo;sha256;bytes;chave;papel;versao;origem;dt_envio
b3;cotahist;COTAHIST_A1986.ZIP;350e6086c8f991484832ca3cd23e900b692769bfd3311017800231fd896c8018;8713632;b3/cotahist/COTAHIST_A1986.ZIP/350e6086c8f991484832ca3cd23e900b692769bfd3311017800231fd896c8018.zip;canonico;;data/bronze/b3/cotahist/COTAHIST_A1986.ZIP;2026-09-24T18:17:37Z
b3;cotahist;COTAHIST_A1987.ZIP;16db2bbda8cf770ad177af762c6e651422dee7b1dc7a62ea75fa10e5760f517d;6349827;b3/cotahist/COTAHIST_A1987.ZIP/16db2bbda8cf770ad177af762c6e651422dee7b1dc7a62ea75fa10e5760f517d.zip;canonico;;data/bronze/b3/cotahist/COTAHIST_A1987.ZIP;2026-09-24T18:17:37Z
b3;cotahist;COTAHIST_A1988.ZIP;b99563d58d2c58ba4c910545fc969041499a45e4e2f6649829a67702193a88ee;8122653;b3/cotahist/COTAHIST_A1988.ZIP/b99563d58d2c58ba4c910545fc969041499a45e4e2f6649829a67702193a88ee.zip;canonico;;data/bronze/b3/cotahist/COTAHIST_A1988.ZIP;2026-09-24T18:17:37Z
b3;cotahist;COTAHIST_A1989.ZIP;9f2d468dbbd9ff2ffcf960501cbb0a66d3921ecd7fbb9305a8c6269f302c503d;7510968;b3/cotahist/COTAHIST_A1989.ZIP/9f2d468dbbd9ff2ffcf960501cbb0a66d3921ecd7fbb9305a8c6269f302c503d.zip;canonico;;data/bronze/b3/cotahist/COTAHIST_A1989.ZIP;2026-09-24T18:17:37Z
b3;cotahist;COTAHIST_A1990.ZIP;85dd3ad24b0d9742c0d438e91ecec2ff07ef38e381c075469b9d0829c9f95619;5352193;b3/cotahist/COTAHIST_A1990.ZIP/85dd3ad24b0d9742c0d438e91ecec2ff07ef38e381c075469b9d0829c9f95619.zip;canonico;;data/bronze/b3/cotahist/COTAHIST_A1990.ZIP;2026-09-24T18:17:37Z
b3;cotahist;COTAHIST_A1991.ZIP;9c83ede3d78ca1588309f0934c7cbfdbdfd047287c69b44d17ddfa43e4e82262;5476429;b3/cotahist/COTAHIST_A1991.ZIP/9c83ede3d78ca1588309f0934c7cbfdbdfd047287c69b44d17ddfa43e4e82262.zip;canonico;;data/bronze/b3/cotahist/COTAHIST_A1991.ZIP;2026-09-24T18:17:37Z
b3;cotahist;COTAHIST_A1992.ZIP;50a35c8c409ee49bfb0fcc1773f687548af85e1c2bf81756f7ef2b89ee035939;5214684;b3/cotahist/COTAHIST_A1992.ZIP/50a35c8c409ee49bfb0fcc1773f687548af85e1c2bf81756f7ef2b89ee035939.zip;canonico;;data/bronze/b3/cotahist/COTAHIST_A1992.ZIP;2026-09-24T18:17:37Z
b3;cotahist;COTAHIST_A1993.ZIP;f63c13905d712e74f69610511d8000b4231644a89bd60d47af1e21209709ecad;5893559;b3/cotahist/COTAHIST_A1993.ZIP/f63c13905d712e74f69610511d8000b4231644a89bd60d47af1e21209709ecad.zip;canonico;;data/bronze/b3/cotahist/COTAHIST_A1993.ZIP;2026-09-24T18:17:37Z
b3;cotahist;COTAHIST_A1994.ZIP;b3bbd8e8d290c36943398c6f99a04e0721db2ebac3b917904df9efaacf3172eb;5998158;b3/cotahist/COTAHIST_A1994.ZIP/b3bbd8e8d290c36943398c6f99a04e0721db2ebac3b917904df9efaacf3172eb.zip;canonico;;data/bronze/b3/cotahist/COTAHIST_A1994.ZIP;2026-09-24T18:17:37Z
b3;cotahist;COTAHIST_A1995.ZIP;de553f41a3ce15ec8a082ed1c2d451df58520a447d3f39417f45e7feb5a995fc;5277341;b3/cotahist/COTAHIST_A1995.ZIP/de553f41a3ce15ec8a082ed1c2d451df58520a447d3f39417f45e7feb5a995fc.zip;canonico;;data/bronze/b3/cotahist/COTAHIST_A1995.ZIP;2026-09-24T18:17:37Z
b3;cotahist;COTAHIST_A1996.ZIP;911a993548931f56b1b3dc18d2994c67f5d011cf7a85986029384298f17d6800;5598339;b3/cotahist/COTAHIST_A1996.ZIP/911a993548931f56b1b3dc18d2994c67f5d011cf7a85986029384298f17d6800.zip;canonico;;data/bronze/b3/cotahist/COTAHIST_A1996.ZIP;2026-09-24T18:17:37Z
b3;cotahist;COTAHIST_A1997.ZIP;f6bd380e753ec8024857b739b7d9b010c7467a5fd967e82d01186a46f5e33fc3;6094245;b3/cotahist/COTAHIST_A1997.ZIP/f6bd380e753ec8024857b739b7d9b010c7467a5fd967e82d01186a46f5e33fc3.zip;canonico;;data/bronze/b3/cotahist/COTAHIST_A1997.ZIP;2026-09-24T18:17:37Z
b3;cotahist;COTAHIST_A1998.ZIP;91a2d516686a0d0ff133254df2595f44d23d9b7ecf1966a11ef4c2beeacec440;5384840;b3/cotahist/COTAHIST_A1998.ZIP/91a2d516686a0d0ff133254df2595f44d23d9b7ecf1966a11ef4c2beeacec440.zip;canonico;;data/bronze/b3/cotahist/COTAHIST_A1998.ZIP;2026-09-24T18:17:37Z
b3;cotahist;COTAHIST_A1999.ZIP;fe7428b367a2d40acaefe823fd5080254d07f9ad6c29fc64c9e6876cbd876f09;6675159;b3/cotahist/COTAHIST_A1999.ZIP/fe7428b367a2d40acaefe823fd5080254d07f9ad6c29fc64c9e6876cbd876f09.zip;canonico;;data/bronze/b3/cotahist/COTAHIST_A1999.ZIP;2026-09-24T18:17:37Z
b3;cotahist;COTAHIST_A2000.ZIP;77ba58b5138e384be140759bf836e8cc22189cdfecdf80e4c13672c535f42bd6;6689526;b3/cotahist/COTAHIST_A2000.ZIP/77ba58b5138e384be140759bf836e8cc22189cdfecdf80e4c13672c535f42bd6.zip;canonico;;data/bronze/b3/cotahist/COTAHIST_A2000.ZIP;2026-09-24T18:17:37Z
b3;cotahist;COTAHIST_A2001.ZIP;0386ca1b80d207ef9876fe64c2d48e9af1b827b3ecc0365c0e99db5cacf20eb5;4978023;b3/cotahist/COTAHIST_A2001.ZIP/0386ca1b80d207ef9876fe64c2d48e9af1b827b3ecc0365c0e99db5cacf20eb5.zip;canonico;;data/bronze/b3/cotahist/COTAHIST_A2001.ZIP;2026-09-24T18:17:37Z
b3;cotahist;COTAHIST_A2002.ZIP;ee002b9a533d310351ed07ccb3a8cd3badd84993a4969c5b58088d738de59116;5877292;b3/cotahist/COTAHIST_A2002.ZIP/ee002b9a533d310351ed07ccb3a8cd3badd84993a4969c5b58088d738de59116.zip;canonico;;data/bronze/b3/cotahist/COTAHIST_A2002.ZIP;2026-09-24T18:17:37Z
b3;cotahist;COTAHIST_A2003.ZIP;bcd337ebc1d92c190c4d8b77f582d2ec0890a8705fd5c10d68b28fa1eb15a2f0;6901239;b3/cotahist/COTAHIST_A2003.ZIP/bcd337ebc1d92c190c4d8b77f582d2ec0890a8705fd5c10d68b28fa1eb15a2f0.zip;canonico;;data/bronze/b3/cotahist/COTAHIST_A2003.ZIP;2026-09-24T18:17:37Z
b3;cotahist;COTAHIST_A2004.ZIP;f750ba8ee9e25299ed96811979befb29315d91667fedc3885c709440b4989467;7902413;b3/cotahist/COTAHIST_A2004.ZIP/f750ba8ee9e25299ed96811979befb29315d91667fedc3885c709440b4989467.zip;canonico;;data/bronze/b3/cotahist/COTAHIST_A2004.ZIP;2026-09-24T18:17:37Z
b3;cotahist;COTAHIST_A2005.ZIP;41eac6d743d9c3e812bb001c4d327582fa7c408dbc99ff4a1734698da8b18f52;8533024;b3/cotahist/COTAHIST_A2005.ZIP/41eac6d743d9c3e812bb001c4d327582fa7c408dbc99ff4a1734698da8b18f52.zip;canonico;;data/bronze/b3/cotahist/COTAHIST_A2005.ZIP;2026-09-24T18:17:37Z
b3;cotahist;COTAHIST_A2006.ZIP;b5432089f8788ea122b4102cd1f09b1a0a3436c176b8f8c548eef50ec3e02687;9318595;b3/cotahist/COTAHIST_A2006.ZIP/b5432089f8788ea122b4102cd1f09b1a0a3436c176b8f8c548eef50ec3e02687.zip;canonico;;data/bronze/b3/cotahist/COTAHIST_A2006.ZIP;2026-09-24T18:17:37Z
b3;cotahist;COTAHIST_A2007.ZIP;3c46f425112f838f3eb09023c987d7e5e81500610d3e5e40fedefb52d3dffd66;10530129;b3/cotahist/COTAHIST_A2007.ZIP/3c46f425112f838f3eb09023c987d7e5e81500610d3e5e40fedefb52d3dffd66.zip;canonico;;data/bronze/b3/cotahist/COTAHIST_A2007.ZIP;2026-09-24T18:17:37Z
b3;cotahist;COTAHIST_A2008.ZIP;b4d92bcea3c253ab9379ad6ddcb42115c8afb72fd94d39ded2b5912528cf3786;10330640;b3/cotahist/COTAHIST_A2008.ZIP/b4d92bcea3c253ab9379ad6ddcb42115c8afb72fd94d39ded2b5912528cf3786.zip;canonico;;data/bronze/b3/cotahist/COTAHIST_A2008.ZIP;2026-09-24T18:17:37Z
b3;cotahist;COTAHIST_A2009.ZIP;bb9421050bfd98a91b6023c1df540e43f421734c6fa0834ab2891c30af581adc;9620954;b3/cotahist/COTAHIST_A2009.ZIP/bb9421050bfd98a91b6023c1df540e43f421734c6fa0834ab2891c30af581adc.zip;canonico;;data/bronze/b3/cotahist/COTAHIST_A2009.ZIP;2026-09-24T18:17:37Z
b3;cotahist;COTAHIST_A2010.ZIP;65637311ced65ba54a617ab9cc2543974fdd4ed0ce416a5235e01b2f1aae66f5;10385444;b3/cotahist/COTAHIST_A2010.ZIP/65637311ced65ba54a617ab9cc2543974fdd4ed0ce416a5235e01b2f1aae66f5.zip;canonico;;data/bronze/b3/cotahist/COTAHIST_A2010.ZIP;2026-09-24T18:17:37Z
b3;cotahist;COTAHIST_A2011.ZIP;0cf67787cc1b77dde67a4ff1a340123ab261ce252245d24b5d32ec5b8b162359;10856136;b3/cotahist/COTAHIST_A2011.ZIP/0cf67787cc1b77dde67a4ff1a340123ab261ce252245d24b5d32ec5b8b162359.zip;canonico;;data/bronze/b3/cotahist/COTAHIST_A2011.ZIP;2026-09-24T18:17:37Z
b3;cotahist;COTAHIST_A2012.ZIP;98771b1248a3f19b547609ed4fd6c8da0eb396140afb6de91946db457c855465;11883689;b3/cotahist/COTAHIST_A2012.ZIP/98771b1248a3f19b547609ed4fd6c8da0eb396140afb6de91946db457c855465.zip;canonico;;data/bronze/b3/cotahist/COTAHIST_A2012.ZIP;2026-09-24T18:17:37Z
b3;cotahist;COTAHIST_A2013.ZIP;b6dfb0d73181a60cc65083c2b185a1cbb0c95b87b21f873cc151515c65e47636;13300034;b3/cotahist/COTAHIST_A2013.ZIP/b6dfb0d73181a60cc65083c2b185a1cbb0c95b87b21f873cc151515c65e47636.zip;canonico;;data/bronze/b3/cotahist/COTAHIST_A2013.ZIP;2026-09-24T18:17:37Z
b3;cotahist;COTAHIST_A2014.ZIP;613d76f8a64c7ffba0406cb54c1fd187266f55ed8b6037cb85993b2071a5aae7;13684612;b3/cotahist/COTAHIST_A2014.ZIP/613d76f8a64c7ffba0406cb54c1fd187266f55ed8b6037cb85993b2071a5aae7.zip;canonico;;data/bronze/b3/cotahist/COTAHIST_A2014.ZIP;2026-09-24T18:17:37Z
b3;cotahist;COTAHIST_A2015.ZIP;593f8740ec1aa87c80c54c623f1759530b6b32cdadd34a64f0fc66a529f34e35;14129467;b3/cotahist/COTAHIST_A2015.ZIP/593f8740ec1aa87c80c54c623f1759530b6b32cdadd34a64f0fc66a529f34e35.zip;canonico;;data/bronze/b3/cotahist/COTAHIST_A2015.ZIP;2026-09-24T18:17:37Z
b3;cotahist;COTAHIST_A2016.ZIP;ffc82a9b973cb5901e68dc11bea1bbc9bf0a2c46749e0efe5a7a89229bc0d81f;15715361;b3/cotahist/COTAHIST_A2016.ZIP/ffc82a9b973cb5901e68dc11bea1bbc9bf0a2c46749e0efe5a7a89229bc0d81f.zip;canonico;;data/bronze/b3/cotahist/COTAHIST_A2016.ZIP;2026-09-24T18:17:37Z
b3;cotahist;COTAHIST_A2017.ZIP;af6aaa85187c1d58ec6565522644066da573a7dc5b579c1d4c906ae95a2dea86;16527191;b3/cotahist/COTAHIST_A2017.ZIP/af6aaa85187c1d58ec6565522644066da573a7dc5b579c1d4c906ae95a2dea86.zip;canonico;;data/bronze/b3/cotahist/COTAHIST_A2017.ZIP;2026-09-24T18:17:37Z
b3;cotahist;COTAHIST_A2018.ZIP;9d66136179d9822476c6035000167aecf2665f4396619e4d74c0011745a0c507;19488404;b3/cotahist/COTAHIST_A2018.ZIP/9d66136179d9822476c6035000167aecf2665f4396619e4d74c0011745a0c507.zip;canonico;;data/bronze/b3/cotahist/COTAHIST_A2018.ZIP;2026-09-24T18:17:37Z
b3;cotahist;COTAHIST_A2019.ZIP;5170d3f8f079c3306424b36c2fae9b467391f8fa37d16d389f487b4c5c28edb9;26650371;b3/cotahist/COTAHIST_A2019.ZIP/5170d3f8f079c3306424b36c2fae9b467391f8fa37d16d389f487b4c5c28edb9.zip;canonico;;data/bronze/b3/cotahist/COTAHIST_A2019.ZIP;2026-09-24T18:17:37Z
b3;cotahist;COTAHIST_A2020.ZIP;86442168939b9da7b3cc1ec1662c333ee5ab4c75f2be1865b5bf55ba4c52168f;37181542;b3/cotahist/COTAHIST_A2020.ZIP/86442168939b9da7b3cc1ec1662c333ee5ab4c75f2be1865b5bf55ba4c52168f.zip;canonico;;data/bronze/b3/cotahist/COTAHIST_A2020.ZIP;2026-09-24T18:17:37Z
b3;cotahist;COTAHIST_A2021.ZIP;b0d4aed17d609c7ba615a23320c2fd513b580a251ae7d884a5015ef8a3fe4705;49678679;b3/cotahist/COTAHIST_A2021.ZIP/b0d4aed17d609c7ba615a23320c2fd513b580a251ae7d884a5015ef8a3fe4705.zip;canonico;;data/bronze/b3/cotahist/COTAHIST_A2021.ZIP;2026-09-24T18:17:37Z
b3;cotahist;COTAHIST_A2022.ZIP;a4f9015b755f797d9c08b0d13f19dbfab18a6c75f379c0271a1cf1b5f6323cd8;58597842;b3/cotahist/COTAHIST_A2022.ZIP/a4f9015b755f797d9c08b0d13f19dbfab18a6c75f379c0271a1cf1b5f6323cd8.zip;canonico;;data/bronze/b3/cotahist/COTAHIST_A2022.ZIP;2026-09-24T18:17:37Z
b3;cotahist;COTAHIST_A2023.ZIP;ad1603788d78aaa1de806498572277f1d9443f88ae116452751b5800cb23523e;70216090;b3/cotahist/COTAHIST_A2023.ZIP/ad1603788d78aaa1de806498572277f1d9443f88ae116452751b5800cb23523e.zip;canonico;;data/bronze/b3/cotahist/COTAHIST_A2023.ZIP;2026-09-24T18:17:37Z
b3;cotahist;COTAHIST_A2024.ZIP;96a003d10fab0fa2ace0c64cdc2b892b4c111adf9da8e538aa0b28437bd2a172;79261198;b3/cotahist/COTAHIST_A2024.ZIP/96a003d10fab0fa2ace0c64cdc2b892b4c111adf9da8e538aa0b28437bd2a172.zip;canonico;;data/bronze/b3/cotahist/COTAHIST_A2024.ZIP;2026-09-24T18:17:37Z
b3;cotahist;COTAHIST_A2025.ZIP;6cc0ad851c8f605ca30418acac48be81f1767f6ed05b4f563772d06ae448047d;89056788;b3/cotahist/COTAHIST_A2025.ZIP/6cc0ad851c8f605ca30418acac48be81f1767f6ed05b4f563772d06ae448047d.zip;canonico;;data/bronze/b3/cotahist/COTAHIST_A2025.ZIP;2026-09-24T18:17:37Z
b3;cotahist;COTAHIST_A2026.ZIP;fb3546ed27cc8a138e93c141adce3e8dc684df219ebffa4d49bff5d557b3e5e3;85779964;b3/cotahist/COTAHIST_A2026.ZIP/fb3546ed27cc8a138e93c141adce3e8dc684df219ebffa4d49bff5d557b3e5e3.zip;canonico;;data/bronze/b3/cotahist/COTAHIST_A2026.ZIP;2026-09-24T18:17:37Z
